{
  "benchmarks": [
    {
      "name": "update 1k latest [perf]",
      "bytesSent": 241336,
      "measurement": {
        "name": "perf",
        "mode": "performance",
        "entryName": "update-1k"
      },
      "browser": {
        "name": "chrome",
        "headless": true,
        "windowSize": {
          "width": 1024,
          "height": 768
        },
        "addArguments": [
          "--js-flags=--expose-gc",
          "--enable-precise-memory-info"
        ],
        "userAgent": "Mozilla/5.0 (Windows NT 10.0; Win64; x64) AppleWebKit/537.36 (KHTML, like Gecko) HeadlessChrome/106.0.5249.119 Safari/537.36"
      },
      "mean": {
        "low": 1.6993263538947294,
        "high": 1.7656736437210847
      },
      "differences": [
        null,
        {
          "absolute": {
            "low": -2.6809584964976563,
            "high": -2.6141079058865286
          },
          "percentChange": {
            "low": -61.20379051217413,
            "high": -59.687220140078125
          }
        },
        {
          "absolute": {
            "low": 0.011783994771596355,
            "high": 0.09571600552642695
          },
          "percentChange": {
            "low": 0.6716287416319091,
            "high": 5.731945369099405
          }
        },
        {
          "absolute": {
            "low": -2.6370830285402627,
            "high": -2.570569573843922
          },
          "percentChange": {
            "low": -60.81214926424191,
            "high": -59.2815024146962
          }
        }
      ],
      "samples": [
        1.699999988079071,
        1.9000000357627869,
        1.5999999642372131,
        1.7000000476837158,
        1.7000000476837158,
        1.5999999642372131,
        1.5,
        1.699999988079071,
        1.7999999523162842,
        1.699999988079071,
        1.7999999523162842,
        1.600000023841858,
        1.5999999642372131,
        1.800000011920929,
        1.5999999642372131,
        1.800000011920929,
        1.699999988079071,
        2,
        2.199999988079071,
        1.5999999642372131,
        1.7999999523162842,
        1.600000023841858,
        1.699999988079071,
        1.7000000476837158,
        2,
        1.600000023841858,
        1.800000011920929,
        1.600000023841858,
        1.699999988079071,
        1.7000000476837158,
        1.7000000476837158,
        1.9000000357627869,
        1.800000011920929,
        1.699999988079071,
        1.699999988079071,
        1.5999999642372131,
        1.7000000476837158,
        1.5999999642372131,
        2.5,
        1.5999999642372131,
        1.699999988079071,
        1.699999988079071,
        1.600000023841858,
        1.600000023841858,
        1.699999988079071,
        1.600000023841858,
        1.699999988079071,
        1.699999988079071,
        1.800000011920929,
        1.699999988079071,
        1.800000011920929,
        1.5999999642372131,
        1.600000023841858,
        1.699999988079071,
        1.5999999642372131,
        1.699999988079071,
        1.699999988079071,
        2,
        1.699999988079071,
        1.699999988079071,
        1.699999988079071,
        1.800000011920929,
        1.800000011920929,
        1.7999999523162842,
        1.5999999642372131,
        2,
        1.600000023841858,
        1.800000011920929,
        1.800000011920929,
        1.699999988079071,
        1.7000000476837158,
        1.600000023841858,
        1.800000011920929,
        1.699999988079071,
        1.800000011920929,
        1.899999976158142,
        1.699999988079071,
        1.800000011920929,
        1.899999976158142,
        1.600000023841858
      ]
    },
    {
      "name": "update 1k latest [memory]",
      "bytesSent": 241336,
      "measurement": {
        "name": "memory",
        "mode": "expression",
        "expression": "jsHeapSize"
      },
      "browser": {
        "name": "chrome",
        "headless": true,
        "windowSize": {
          "width": 1024,
          "height": 768
        },
        "addArguments": [
          "--js-flags=--expose-gc",
          "--enable-precise-memory-info"
        ],
        "userAgent": "Mozilla/5.0 (Windows NT 10.0; Win64; x64) AppleWebKit/537.36 (KHTML, like Gecko) HeadlessChrome/106.0.5249.119 Safari/537.36"
      },
      "mean": {
        "low": 4.37593934491725,
        "high": 4.384127055082749
      },
      "differences": [
        {
          "absolute": {
            "low": 2.6141079058865286,
            "high": 2.6809584964976563
          },
          "percentChange": {
            "low": 147.9691278630773,
            "high": 157.66241072437418
          }
        },
        null,
        {
          "absolute": {
            "low": 2.675256012865393,
            "high": 2.727310389816816
          },
          "percentChange": {
            "low": 156.9081771400478,
            "high": 164.91260659774295
          }
        },
        {
          "absolute": {
            "low": 0.038986852699020365,
            "high": 0.04842694730097984
          },
          "percentChange": {
            "low": 0.8988028038567255,
            "high": 1.1170464185599596
          }
        }
      ],
      "samples": [
        4.360207,
        4.398771,
        4.393743,
        4.368799,
        4.368775,
        4.397359,
        4.384439,
        4.396547,
        4.391883,
        4.362159,
        4.351363,
        4.365771,
        4.396535,
        4.384171,
        4.357547,
        4.385539,
        4.351559,
        4.397187,
        4.362103,
        4.392363,
        4.362031,
        4.357547,
        4.357031,
        4.357547,
        4.392671,
        4.394863,
        4.395455,
        4.352003,
        4.400647,
        4.392603,
        4.358911,
        4.394059,
        4.367003,
        4.393183,
        4.389343,
        4.396955,
        4.351295,
        4.380695,
        4.357523,
        4.384171,
        4.362123,
        4.391895,
        4.392755,
        4.404467,
        4.386463,
        4.394479,
        4.393059,
        4.392547,
        4.389843,
        4.353323,
        4.405099,
        4.355251,
        4.392807,
        4.405243,
        4.356519,
        4.392083,
        4.356515,
        4.391523,
        4.398483,
        4.358091,
        4.390571,
        4.351363,
        4.394527,
        4.351419,
        4.366227,
        4.394527,
        4.388203,
        4.350199,
        4.358715,
        4.399119,
        4.396303,
        4.398563,
        4.395955,
        4.352523,
        4.389035,
        4.359259,
        4.396279,
        4.407271,
        4.393323,
        4.394351
      ]
    },
    {
      "name": "update 1k local [perf]",
      "bytesSent": 234874,
      "measurement": {
        "name": "perf",
        "mode": "performance",
        "entryName": "update-1k"
      },
      "browser": {
        "name": "chrome",
        "headless": true,
        "windowSize": {
          "width": 1024,
          "height": 768
        },
        "addArguments": [
          "--js-flags=--expose-gc",
          "--enable-precise-memory-info"
        ],
        "userAgent": "Mozilla/5.0 (Windows NT 10.0; Win64; x64) AppleWebKit/537.36 (KHTML, like Gecko) HeadlessChrome/106.0.5249.119 Safari/537.36"
      },
      "mean": {
        "low": 1.65304679087248,
        "high": 1.7044532064453108
      },
      "differences": [
        {
          "absolute": {
            "low": -0.09571600552642695,
            "high": -0.011783994771596355
          },
          "percentChange": {
            "low": -5.4780528080326825,
            "high": -0.7268534183448971
          }
        },
        {
          "absolute": {
            "low": -2.727310389816816,
            "high": -2.675256012865393
          },
          "percentChange": {
            "low": -62.26058416177055,